5001,icefilms.info
5002,sleazyneasy.com
5003,speedvideo.net
5004,dikaiologitika.gr
5005,soha.vn
5006,metrotvnews.com
5007,moonliteco.in
5008,geektimes.ru
5009,intuitcdn.net
5010,igroutka.net
5011,cnki.net
5012,zhangw8.com
5013,subf2m.co
5014,shufoo.net
5015,propertypal.com
5016,historyinorbit.com
5017,goal.in.th
5018,sinonimos.com.br
5019,video-stream.co
5020,joinindianarmy.nic.in
5021,kinoarhiv.tv
5022,hinet.net
5023,obi.de
5024,theconversation.com
5025,corneey.com
5026,sciencedaily.com
5027,westelm.com
5028,gaymaletube.com
5029,docomo.ne.jp
5030,e-hentai.org
5031,osu.edu
5032,elle.com
5033,neopets.com
5034,vercanalestv.com
5035,fruitmoney.org
5036,predictiondisplay.com
5037,banco.bradesco
5038,gjirafa.com
5039,bitfinex.com
5040,touristtube.com
5041,whatmobile.com.pk
5042,neatclip.com
5043,zhibo.tv
5044,kanoon.ir
5045,xabbs.com
5046,socialnewpagessearch.com
5047,mosreg.ru
5048,fboom.me
5049,linktv.pro
5050,whatismyipaddress.com
5051,snapchat.com
5052,whirlpool.net.au
5053,ulmart.ru
5054,pomponik.pl
5055,eclipse.org
5056,teachable.com
5057,maalaimalar.com
5058,watchmygf.to
5059,decipherinc.com
5060,leagueofgraphs.com
5061,ntu.edu.sg
5062,pornhublive.com
5063,easy-sexxx.com
5064,atresplayer.com
5065,sportmaster.ru
5066,oriflame.com
5067,goody25.com
5068,putlocker.io
5069,fuskator.com
5070,xossip.com
5071,gfxcamp.com
5072,libreoffice.org
5073,rcappkszvgwxx.com
5074,seesaawiki.jp
5075,ffinst25.download
5076,178.com
5077,popin.cc
5078,powerschool.com
5079,prostoporno.sex
5080,trueachievements.com
5081,slader.com
5082,winzip.com
5083,football.ua
5084,datacamp.com
5085,maam.ru
5086,gnavi.co.jp
5087,c-ij.com
5088,icdrama.se
5089,filecloud.io
5090,indianbank.net.in
5091,imslp.org
5092,mangvieclam.com
5093,oneplus.net
5094,anyxxx.com
5095,asiatech.ir
5096,ethz.ch
5097,escr.to
5098,inep.gov.br
5099,google.al
5100,17zwd.com
5101,batmanstream.net
5102,ivoox.com
5103,telekom.de
5104,wyylde.com
5105,stoloto.ru
5106,fextralife.com
5107,natwest.com
5108,ipsosinteractive.com
5109,adnxs.com
5110,ultrasurfing.com
5111,ngs.ru
5112,natalie.mu
5113,asianxv.com
5114,123telugu.com
5115,rojadirectatv.tv
5116,iobnet.co.in
5117,cutestat.com
5118,iitm.ac.in
5119,aftership.com
5120,rd.com
5121,filmesonlinehd7.cc
5122,nokia.com
5123,codejam.withgoogle.com
5124,4gamer.net
5125,southcn.com
5126,animeid.tv
5127,baiscopelk.com
5128,dianxiaomi.com
5129,findagrave.com
5130,nchsoftware.com
5131,sisal.it
5132,rawstory.com
5133,whattomine.com
5134,livesoccertv.com
5135,estrenosdoramas.net
5136,fotor.com
5137,tcs.com
5138,voyeur-house.tv
5139,irancell.ir
5140,metaffiliation.com
5141,mangatown.com
5142,lpu.in
5143,zedge.net
5144,bestfreetube.xxx
5145,mapsofindia.com
5146,ero-video.net
5147,hola.com
5148,mercola.com
5149,anadolu.edu.tr
5150,uwo.ca
5151,caasimada.net
5152,adafruit.com
5153,indeed.co.in
5154,ithome.com
5155,redbull.com
5156,pipipan.com
5157,pinduoduo.com
5158,freepik.es
5159,moz.com
5160,bancainternet.com.ar
5161,litv.tv
5162,campograndenews.com.br
5163,caraotadigital.net
5164,imasdk.googleapis.com
5165,e-reading.club
5166,porn555.com
5167,kairalinewsonline.com
5168,srcsmrtgs.com
5169,kemenag.go.id
5170,classiccars.com
5171,comdirect.de
5172,rojadirecta.me
5173,vcrypt.net
5174,jav321.com
5175,le.com
5176,adhoc4.net
5177,tripadvisor.com.au
5178,rome2rio.com
5179,santandernet.com.br
5180,javwhores.com
5181,crackwatch.com
5182,videoquizstar.com
5183,tapatalk.com
5184,nordvpn.com
5185,manutd.com
5186,saime.gob.ve
5187,mrvideospornogratis.xxx
5188,senscritique.com
5189,fangdd.com
5190,umass.edu
5191,computerbase.de
5192,yumpu.com
5193,freebunker.com
5194,hdpfans.com
5195,m4ufree.tv
5196,sexu.com
5197,zona.plus
5198,xmovies8.com
5199,gutenberg.org
5200,huntington.com
5201,khaosod.co.th
5202,picmonkey.com
5203,demotywatory.pl
5204,santabanta.com
5205,hatenablog.jp
5206,tvb.com
5207,securecafe.com
5208,onmovies.to
5209,asp.net
5210,regions.com
5211,jarir.com
5212,kbs.co.kr
5213,chapintv.com
5214,vivo.com.br
5215,alldatasheet.com
5216,takealot.com
5217,x-minus.me
5218,sheknows.com
5219,webex.com
5220,akinator.com
5221,nation-news.ru
5222,megogo.net
5223,superjob.ru
5224,garlanca.com
5225,wits.ac.za
5226,privacysecurityprotection.com
5227,mbtrx.com
5228,thetimes.co.uk
5229,asia2tv.co
5230,smiten.ru
5231,seriesypelis24.com
5232,dominos.co.uk
5233,unimelb.edu.au
5234,nanopool.org
5235,obsproject.com
5236,etao.com
5237,chinanetrank.com
5238,kwejk.pl
5239,gbatemp.net
5240,riperam.org
5241,inps.it
5242,kiwilimon.com
5243,education.com
5244,carsensor.net
5245,metal-archives.com
5246,matchendirect.fr
5247,netcoc.com
5248,ab4hr.com
5249,careerbuilder.com
5250,modelmayhem.com
5251,vpornoonlain.tv
5252,painfullanal.com
5253,publinews.gt
5254,ilgeniodellostreaming.org
5255,centrum.cz
5256,meishij.net
5257,cerpen.co.id
5258,watchtvinstantly.co
5259,metabomb.net
5260,carwale.com
5261,dl.free.fr
5262,lpages.co
5263,trackmkxoffers.se
5264,tripadvisor.de
5265,transferwise.com
5266,state.tx.us
5267,dunyanews.tv
5268,yam.com
5269,usembassy.gov
5270,digiato.com
5271,patheos.com
5272,advertiserurl.com
5273,minijuegos.com
5274,javqd.com
5275,winshang.com
5276,httpurl.blogspot.com
5277,thecut.com
5278,apkmirror.com
5279,creativecow.net
5280,raider.io
5281,rec-tube.com
5282,alibaba.ir
5283,alabout.com
5284,uptvs.com
5285,bien.hu
5286,canarabank.in
5287,pcmclk.com
5288,guidegame.vn
5289,zxxk.com
5290,topserialy.to
5291,meusresultados.com
5292,dailykos.com
5293,24livenewspaper.com
5294,umeng.com
5295,videomore.ru
5296,mlsmatrix.com
5297,nyc.gov
5298,clippituser.tv
5299,alwatanvoice.com
5300,senasofiaplus.edu.co
5301,iop.org
5302,nine.com.au
5303,busters.porn
5304,nab.com.au
5305,byu.edu
5306,oi.com.br
5307,greget.space
5308,nsportal.ru
5309,motor-talk.de
5310,beinmatch.com
5311,rahnama.com
5312,bajajfinserv.in
5313,elo7.com.br
5314,monkamovies.com
5315,tradeadexchange.com
5316,cic.fr
5317,biji.co
5318,google.com.pg
5319,redlink.com.ar
5320,ipornovideos.xxx
5321,privalia.com
5322,musicsearchcenter.com
5323,inflibnet.ac.in
5324,uptodate.com
5325,dangbei.com
5326,myshared.ru
5327,dfiles.eu
5328,lo4d.com
5329,iitb.ac.in
5330,kadu.ru
5331,torrentkim.pro
5332,pcgames.com.cn
5333,tensorflow.org
5334,linguee.es
5335,tori.fi
5336,almowaten.net
5337,conduit.com
5338,hookupshere1.com
5339,audacityteam.org
5340,zdnet.com
5341,kanzhun.com
5342,gq.com.tw
5343,seosprint.net
5344,19lib.com
5345,seedr.cc
5346,yandex.net
5347,afisha.ru
5348,pogdesign.co.uk
5349,castorama.fr
5350,dbr.ee
5351,hitc.com
5352,al3omk.com
5353,vh1.com
5354,ebsi.co.kr
5355,immowelt.de
5356,distero.com
5357,atlasobscura.com
5358,pronews.gr
5359,cryptobots.me
5360,unblocked.lol
5361,tvnow.de
5362,fashionnova.com
5363,anandtech.com
5364,skiddle.com
5365,patoghu.com
5366,indosport.com
5367,fastcompany.com
5368,zamzar.com
5369,watanserb.com
5370,svt.se
5371,say-move.org
5372,las2orillas.co
5373,forebet.com
5374,booth.pm
5375,justanswer.com
5376,localbitcoins.com
5377,canon.com
5378,bible.com
5379,99kubo.tv
5380,khan.co.kr
5381,tsyndicate.com
5382,citruspay.com
5383,lexilogos.com
5384,btdb.to
5385,iol.pt
5386,menshealth.com
5387,aa.com.tr
5388,ssg.com
5389,surviv.io
5390,ghafla.com
5391,alyamanalaraby.com
5392,bod.com.ve
5393,whoer.net
5394,bancsabadell.com
5395,9xbuddy.com
5396,aftenposten.no
5397,cartoonhd.biz
5398,laredoute.fr
5399,moonb.ch
5400,iefimerida.gr
5401,showroomprive.com
5402,logmein.com
5403,xmu.edu.cn
5404,net-a-porter.com
5405,iranestekhdam.ir
5406,ntdtv.kr
5407,746fyw2v.com
5408,crateandbarrel.com
5409,kohsantepheapdaily.com.kh
5410,efishedo.info
5411,lostfilmhd.ru
5412,sportschau.de
5413,calibre-ebook.com
5414,athome.co.jp
5415,cinepolis.com
5416,basnews.com
5417,123moviestube.io
5418,apnews.com
5419,adevarul.ro
5420,netdna-ssl.com
5421,gopro.com
5422,skyscanner.ru
5423,ilmessaggero.it
5424,c-sharpcorner.com
5425,invisionapp.com
5426,sguru.org
5427,mobtada.com
5428,mazolporn.com
5429,computerhoy.com
5430,torrent10.ru
5431,flipboard.com
5432,skstream.biz
5433,122.gov.cn
5434,www.gov.cn
5435,eklablog.com
5436,ammonnews.net
5437,365jilin.com
5438,megatorrentshd.com
5439,cgown.com
5440,unibet.com
5441,house365.com
5442,blogspot.com.ng
5443,freeporngayhdonline.com
5444,escapadarural.com
5445,mapy.cz
5446,apornstories.com
5447,dbs.com.sg
5448,sportnews.to
5449,asos.fr
5450,airbnb.ca
5451,putlockerhd.co
5452,saramin.co.kr
5453,simplemost.com
5454,pcwelt.de
5455,downloadtwittervideo.com
5456,moondoge.co.in
5457,packtpub.com
5458,adultmult.tv
5459,blogmura.com
5460,check-out-this.site
5461,dogpile.com
5462,french-stream.co
5463,brainly.com
5464,skidrowgamesreloaded.com
5465,kickasstorrents.to
5466,yupptv.in
5467,shemalez.com
5468,anon-ib.co
5469,torrentdownload.ch
5470,movs4u.com
5471,mcar.cc
5472,treccani.it
5473,dcinside.com
5474,icouchtuner.to
5475,online-red.com
5476,toysrus.com
5477,imgmak.com
5478,google.ht
5479,mojim.com
5480,mathsisfun.com
5481,ceesty.com
5482,phimbathu.com
5483,samlib.ru
5484,591.com.tw
5485,raw.githubusercontent.com
5486,mediamarkt.es
5487,ganji.com
5488,betin.co.ke
5489,ning.com
5490,topshop.com
5491,europe1.fr
5492,kuaidi100.com
5493,onlyfans.com
5494,boerse.to
5495,ashleymadison.com
5496,irishtimes.com
5497,notehomepage.com
5498,afrigale.co
5499,arab-clothing.com
5500,cgpersia.com
5501,trang-phuc.com
5502,sxstube.com
5503,novayagazeta.ru
5504,greenhouse.io
5505,jikexueyuan.com
5506,screwfix.com
5507,l23movies.com
5508,amtrak.com
5509,google.co.zm
5510,qoolquiz.com
5511,turbotax.com
5512,send-anywhere.com
5513,freemail.hu
5514,yts.io
5515,wholesale-dress.com.pt
5516,banhtv.com
5517,rmol.co
5518,gamejolt.com
5519,soft112.com
5520,tpi.it
5521,dygod.net
5522,ver-peliculas.io
5523,digistyle.com
5524,keywordblocks.com
5525,justjared.com
5526,showmax.com
5527,000webhost.com
5528,irrawaddy.com
5529,vicente-news.com
5530,tvmao.com
5531,parsfootball.com
5532,mrporter.com
5533,zhcw.com
5534,philenews.com
5535,stardoll.com
5536,befunky.com
5537,sexstories.com
5538,americanmilitarynews.com
5539,matomeantena.com
5540,dezeen.com
5541,instantcheckmate.com
5542,ameli.fr
5543,sarzamindownload.com
5544,admob.com
5545,sahadan.com
5546,53.com
5547,blesk.cz
5548,gotomeeting.com
5549,kahoot.it
5550,popbela.com
5551,mylust.com
5552,williamhill.com
5553,mobile.ir
5554,ggtrf.info
5555,wplay.co
5556,inceptionradionetwork.com
5557,ticketmonster.co.kr
5558,game168.com.tw
5559,sportzonline.xyz
5560,animemovil.com
5561,giantitp.com
5562,memurlar.net
5563,appmedia.jp
5564,thetrainline.com
5565,rackcdn.com
5566,save-video.com
5567,gosugamers.net
5568,stopgame.ru
5569,mediawhirl.net
5570,seven-torrents2.info
5571,camsoda.com
5572,express.com
5573,blackdesertonline.com
5574,handy-tab.com
5575,trthaber.com
5576,fox.com.tr
5577,onclkds.com
5578,sbmptn.ac.id
5579,playcast.ru
5580,gordonua.com
5581,sapo.ao
5582,egloos.com
5583,redonetype.com
5584,textnow.com
5585,tax.service.gov.uk
5586,korea-clothing.net
5587,everydayhealth.com
5588,oregonstate.edu
5589,trfmxt.com
5590,goindigo.in
5591,te5.com
5592,okaytab.com
5593,jobbole.com
5594,trinixy.ru
5595,cricfree.cc
5596,binarytribune.info
5597,lloydsbank.com
5598,biomedcentral.com
5599,laleggepertutti.it
5600,gay-torrents.net
5601,ebalka.cc
5602,sport.pl
5603,gamovideo.com
5604,homepage-web.com
5605,club-k.net
5606,naszemiasto.pl
5607,moviesfanatic.com
5608,epochtimes.de
5609,ioffer.com
5610,fileinfo.com
5611,bunnings.com.au
5612,cncv.org.cn
5613,haraj.com.sa
5614,genndi.com
5615,payback.de
5616,gencat.cat
5617,kikinote.net
5618,newsru.co.il
5619,videosdemadurasx.com
5620,games-workshop.com
5621,7starhd.mobi
5622,sonymobile.com
5623,frymyip.com
5624,360totalsecurity.com
5625,zononi.com
5626,lesechos.fr
5627,wonderhowto.com
5628,thequint.com
5629,humoruniv.com
5630,sportingnews.com
5631,tamindir.com
5632,dzone.com
5633,mejorconsalud.com
5634,mturk.com
5635,juooo.com
5636,neswangy.net
5637,yify.is
5638,gilabola.com
5639,fontsquirrel.com
5640,kbagi.com
5641,hust.edu.cn
5642,ovh.net
5643,kucoin.com
5644,svscomics.com
5645,jobvite.com
5646,ishuhui.com
5647,livesicilia.it
5648,vrv.co
5649,wenku1.com
5650,online-freebee.ru
5651,oloadcdn.net
5652,tadu.com
5653,skrill.com
5654,fangraphs.com
5655,qihoo.com
5656,myhealthyip.com
5657,yts.gs
5658,dugtor.ru
5659,donationalerts.ru
5660,independent.ie
5661,cointelegraph.com
5662,arrlnk.com
5663,niksalehi.com
5664,rockfile.co
5665,etest.net.cn
5666,pornonacionais.com
5667,wholesale-dress.it
5668,lolking.net
5669,virustotal.com
5670,ilpost.it
5671,kindgirls.com
5672,carid.com
5673,wdr.de
5674,ani24.org
5675,footmercato.net
5676,uiowa.edu
5677,crosscast-system.com
5678,torrentleech.org
5679,o-xe.com
5680,beforward.jp
5681,magnetdl.com
5682,b92.net
5683,kesintisiz.tv
5684,dgtle.com
5685,dl-xvideos.com
5686,turkcealtyazi.org
5687,buzzorange.com
5688,akipress.org
5689,canadiantire.ca
5690,hsn.com
5691,xxxhost.me
5692,mafengwo.cn
5693,9384.com
5694,japantimes.co.jp
5695,bitcoin.com
5696,news247.gr
5697,haasil.net
5698,musinsa.com
5699,smule.com
5700,airfrance.fr
5701,seneweb.com
5702,queensu.ca
5703,financedomains.bid
5704,azcentral.com
5705,khodrobank.com
5706,wifi.free.fr
5707,clickjogos.com.br
5708,antpedia.com
5709,ufreegames.com
5710,france24.com
5711,tecenet.com
5712,kogama.com
5713,gry-online.pl
5714,vitalsource.com
5715,notebookcheck.net
5716,business.site
5717,garena.com
5718,magicbricks.com
5719,siamsport.co.th
5720,tudou.com
5721,nitori-net.jp
5722,enow.com
5723,weightwatchers.com
5724,kinokongo.cc
5725,appfolio.com
5726,arabsong.top
5727,hindawi.com
5728,venezuelaaldia.com
5729,vcg.com
5730,forumcommunity.net
5731,laiguana.tv
5732,adk2x.com
5733,redecanais.com
5734,spokeo.com
5735,rahvar120.ir
5736,clicrbs.com.br
5737,online-audio-converter.com
5738,mydarewatch.com
5739,toluna.com
5740,streamx7.xyz
5741,islamqa.info
5742,payscale.com
5743,bleepingcomputer.com
5744,gtmetrix.com
5745,carsales.com.au
5746,gl5.ru
5747,toxicwap.com
5748,9xlinks.net
5749,thuocbietduoc.com.vn
5750,parstoday.com
5751,dnb.no
5752,zap2it.com
5753,yapo.cl
5754,time-to-read.ru
5755,centerblog.net
5756,adyieldoptimizer.com
5757,nex1music.ir
5758,jabeh.com
5759,ebah.com.br
5760,interwetten.com
5761,mingpao.com
5762,borna.news
5763,scp-wiki.net
5764,xiazaiba.com
5765,mp3cc.com
5766,freeintertv.com
5767,scopus.com
5768,extra.com.br
5769,casadellibro.com
5770,hibapress.com
5771,backcountry.com
5772,ssc.nic.in
5773,huim.com
5774,mandatory.com
5775,hddizifullizle.com
5776,jbhifi.com.au
5777,rtbf.be
5778,themoviedb.org
5779,factorio.com
5780,penny-arcade.com
5781,leadzupc.com
5782,kupujemprodajem.com
5783,vide-greniers.org
5784,italki.com
5785,vipbox.st
5786,primewire.life
5787,reklama5.mk
5788,bankofindia.com
5789,trannytube.tv
5790,mercadopago.com
5791,banma.com
5792,ideacellular.com
5793,arablionz.online
5794,eee114.com
5795,sfu.ca
5796,imgsin.com
5797,chatrandom.com
5798,pravmir.ru
5799,ecnu.edu.cn
5800,nus.edu.sg
5801,loc.gov
5802,goabd.ru
5803,enclosely.info
5804,zarpop.com
5805,saturn.de
5806,dibamoviez.ws
5807,mynewspepper.com
5808,gravitytales.com
5809,manchestereveningnews.co.uk
5810,animeheaven.eu
5811,acesso.gov.pt
5812,eplsite.info
5813,producthunt.com
5814,kamigame.jp
5815,pravda.com.ua
5816,deichmann.com
5817,mendeley.com
5818,big.az
5819,yahoo-mbga.jp
5820,currys.co.uk
5821,filmeserialeonline.org
5822,mailerlite.com
5823,aawsat.com
5824,siriusxm.com
5825,fx678.com
5826,phun.org
5827,kinonix.net
5828,simfileshare.net
5829,fmovies.film
5830,iguang.tw
5831,camvideos.tv
5832,iflscience.com
5833,2quick-files.stream
5834,theisozone.com
5835,olx.bg
5836,sharemods.com
5837,rosegal.com
5838,jaiminisbox.com
5839,autoscout24.it
5840,tomshw.it
5841,apkmonk.com
5842,wowprogress.com
5843,imgflip.com
5844,fanatik.com.tr
5845,tripod.com
5846,dy2018.com
5847,marksandspencer.com
5848,tejaratbank.ir
5849,tugaflix.com
5850,hdblog.it
5851,ifyngpctovtv.com
5852,mirsegondya.com
5853,sovsport.ru
5854,10010.com
5855,vikiporn.com
5856,soccerstand.com
5857,experts-exchange.com
5858,digitalplayground.com
5859,healthylives.tw
5860,tvtime.com
5861,minecraftskins.com
5862,yidianzixun.com
5863,fluentu.com
5864,pluska.sk
5865,weforum.org
5866,homedepot.ca
5867,renminbao.com
5868,series9.io
5869,apa.org
5870,studopedia.ru
5871,11x11.com
5872,emisorasunidas.com
5873,anime-planet.com
5874,desjardins.com
5875,2ememain.be
5876,adliran.ir
5877,myeasylotto.com
5878,depositfiles.org
5879,bloodyelbow.com
5880,honda.com
5881,kidstaff.com.ua
5882,ouslayer.co
5883,panasonic.com
5884,adsbreak.com
5885,ebay.at
5886,blogosfera.uol.com.br
5887,portalroms.com
5888,punjab.gov.pk
5889,game-debate.com
5890,louisvuitton.com
5891,malaysiakini.com
5892,thestudentroom.co.uk
5893,drp.su
5894,bravotv.com
5895,ccma.cat
5896,rg-mechanics.org
5897,online2pdf.com
5898,westpac.com.au
5899,searchipdf2.com
5900,pydata.org
5901,syl.ru
5902,kelkoogroup.net
5903,faberlic.com
5904,hani.co.kr
5905,btbtt.net
5906,444avtb.com
5907,cuisineaz.com
5908,hornbach.de
5909,upera.co
5910,batepapo.uol.com.br
5911,uesp.net
5912,magoosh.com
5913,mobilism.org
5914,rp5.ua
5915,tuazar.com
5916,fast-torrent.co
5917,ucweb.com
5918,lifebuzz.com
5919,radiotimes.com
5920,afgr2.com
5921,insightsonindia.com
5922,mmamania.com
5923,shop-pro.jp
5924,weidian.com
5925,smartsheet.com
5926,manithan.com
5927,sdo.com
5928,bloglovin.com
5929,markt.de
5930,moviepilot.de
5931,justmineit.com
5932,terraclicks.com
5933,i-gamer.net
5934,hbo.com
5935,dzsc.com
5936,formulawire.com
5937,subthai.co
5938,hawaii.edu
5939,googlegroups.com
5940,dibamoviez.eu
5941,wangpan007.com
5942,texas.gov
5943,centrum.sk
5944,neko-miku.com
5945,moi.gov.qa
5946,winfortuna.com
5947,newsit.gr
5948,ecouchtuner.to
5949,tower.im
5950,evolife.cn
5951,popularmechanics.com
5952,ddooo.com
5953,dizilab.net
5954,wowma.jp
5955,payeer.com
5956,66law.cn
5957,dongqiudi.com
5958,downloadha.com
5959,enpareja.com
5960,indiatyping.com
5961,biquge.com.tw
5962,myheritage.com
5963,president.go.kr
5964,paultan.org
5965,anon-v.com
5966,liberation.fr
5967,curp.gob.mx
5968,ule.com
5969,only2date.com
5970,5278.cc
5971,curbed.com
5972,ewaybill.nic.in
5973,image-line.com
5974,asda.com
5975,nuevoloquo.com
5976,anakbnet.com
5977,iceimg.net
5978,sakurafile.com
5979,gptkueuaseyut.com
5980,anz.com
5981,medallia.com
5982,gmu.edu
5983,chainreactioncycles.com
5984,class2deal.com
5985,meizu.com
5986,cheaa.com
5987,malaysia-fashion.my
5988,vagina.nl
5989,porncomix.info
5990,meta.ua
5991,bonprix.de
5992,arcgis.com
5993,clubedohardware.com.br
5994,ubuntuforums.org
5995,voici.fr
5996,worldfree4u.ws
5997,google.bf
5998,xvideos-br.com
5999,niazerooz.com
6000,mercurynews.com
6001,multoigri.ru
6002,goeuro.com
6003,wustl.edu
6004,9to5mac.com
6005,poe.ninja
6006,myquickconverter.com
6007,pse36.info
6008,kino-hd720.net
6009,ooreka.fr
6010,chaduo.com
6011,bibliocommons.com
6012,huffingtonpost.es
6013,roku.com
6014,qqtn.com
6015,kiss-anime.me
6016,jerseymujeres.com
6017,etnet.com.hk
6018,teleman.pl
6019,wileyplus.com
6020,bmj.com
6021,up.pt
6022,dodear.com
6023,youthcarnival.org
6024,nasdaq.com
6025,2nafare.com
6026,esam.ir
6027,niuxgame77.com
6028,vkusporno.com
6029,povw1deo.com
6030,vans.com
6031,vestniktm.com
6032,siambit.me
6033,raspiadkwcecz.com
6034,tvrain.ru
6035,videodownloaderpro.net
6036,h1bb.com
6037,cool18.com
6038,wisconsin.edu
6039,miaopai.com
6040,sibnet.ru
6041,koooragoal.com
6042,track24.ru
6043,dandwiki.com
6044,cardinalcommerce.com
6045,timesjobs.com
6046,zxart.cn
6047,iptutor.me
6048,iceporn.com
6049,movie-blog.org
6050,meteociel.fr
6051,newasiantv.co
6052,libsyn.com
6053,patagonia.com
6054,newsbomb.gr
6055,assia.tv
6056,futura-sciences.com
6057,bell.ca
6058,ow61.online
6059,rishenews.com
6060,indiegala.com
6061,unl.edu
6062,hotmart.com
6063,thaidress-wholesale.com
6064,unesco.org
6065,ixl.com
6066,80s.tt
6067,greeninst.com
6068,getformsonline.com
6069,dailyuploads.net
6070,soundhouse.co.jp
6071,trueid.net
6072,trithucvn.net
6073,lepoint.fr
6074,bethesda.net
6075,firmwarefile.com
6076,dll-files.com
6077,llnwd.net
6078,cnnturk.com
6079,dealnews.com
6080,pravda.sk
6081,topix.com
6082,streamkiste.tv
6083,mexgroup.com
6084,pciconcursos.com.br
6085,onlinetrade.ru
6086,theodysseyonline.com
6087,wooordhunt.ru
6088,bmovies.film
6089,exhentai.org
6090,airbnb.es
6091,eda.ru
6092,extendoffice.com
6093,win-rar.com
6094,dwatchseries.io
6095,dotamax.com
6096,wav.tv
6097,rakyatku.com
6098,pullandbear.com
6099,gamy.jp
6100,giallozafferano.it
6101,baby.ru
6102,codeplex.com
6103,x1337x.ws
6104,gotowebinar.com
6105,dsw.com
6106,vueling.com
6107,raialyoum.com
6108,spaces.ru
6109,italia-film.online
6110,njuskalo.hr
6111,bostonglobe.com
6112,jagranjosh.com
6113,recruit.co.jp
6114,modxvm.com
6115,wataan.com
6116,ruporus.tv
6117,litmir.me
6118,gfvideohub.com
6119,filepuma.com
6120,jst.go.jp
6121,stockcharts.com
6122,skillshare.com
6123,ohnotheydidnt.livejournal.com
6124,expedia.com.hk
6125,gametoday.eu
6126,gestyy.com
6127,draftkings.com
6128,internet-start.net
6129,topporno.tv
6130,musiciansfriend.com
6131,firstrowsportes.net
6132,cliver.tv
6133,qt.io
6134,acesso.uol.com.br
6135,tufts.edu
6136,eposcard.co.jp
6137,petfinder.com
6138,zhan.com
6139,ilmkidunya.com
6140,dba.dk
6141,adda247.com
6142,gbf-wiki.com
6143,hypixel.net
6144,cbr.com
6145,lurkmore.to
6146,statarea.com
6147,creativebloq.com
6148,ricardo.ch
6149,mhlw.go.jp
6150,recwwcc5.info
6151,bioscopelive.com
6152,code.org
6153,neimanmarcus.com
6154,babyblog.ru
6155,otodom.pl
6156,spletnik.ru
6157,doktorsitesi.com
6158,vecernji.hr
6159,strawberrynet.com
6160,hq-sex-tube.com
6161,esic.in
6162,peyvandha.ir
6163,baocungcau.net
6164,teleprogramma.pro
6165,airdroid.com
6166,chess24.com
6167,lci.fr
6168,1kkk.com
6169,elespectador.com
6170,1plus1.ua
6171,marthastewart.com
6172,meshok.net
6173,kafan.cn
6174,spaggiari.eu
6175,stream-all.com
6176,recusticks.co
6177,rasekhoon.net
6178,ciliba.org
6179,nice-westi.com
6180,igetintopc.com
6181,sde.co.ke
6182,pptv.com
6183,gamcore.com
6184,ijinshan.com
6185,va.gov
6186,ndr.de
6187,kino-filmi.net
6188,hdvidzpro.pro
6189,contentabc.com
6190,indeed.fr
6191,liberoquotidiano.it
6192,conceptodefinicion.de
6193,ccb.com.cn
6194,duxiu.com
6195,oxfordlearnersdictionaries.com
6196,lever.co
6197,angop.ao
6198,surveys-xvideos.com
6199,pivigames.blog
6200,tonicmovies.com
6201,diy.com
6202,postimees.ee
6203,governmentjobs.com
6204,cbi.ir
6205,windy.com
6206,bhg.com
6207,domofond.ru
6208,link.tl
6209,whatculture.com
6210,kinosklad.net
6211,daraz.com.bd
6212,gowatchseries.co
6213,gamespark.jp
6214,hepsibahis341.com
6215,slutanal.com
6216,domain.com.au
6217,vglive.no
6218,collegedunia.com
6219,huffingtonpost.it
6220,letyshops.com
6221,mygully.com
6222,watchmygf.net
6223,tinyurl.com
6224,reactor.cc
6225,uskip.me
6226,skidrow-games.com
6227,liul.net
6228,puma.com
6229,wimp.com
6230,u-tokyo.ac.jp
6231,pmjnelusn.com
6232,wind.it
6233,shaadi.com
6234,jiji.com
6235,politikus.ru
6236,onehallyu.com
6237,incruit.com
6238,evise.com
6239,cmoney.tw
6240,rsload.net
6241,zerochan.net
6242,watchcric.org
6243,colliderporn.com
6244,beetle-clicks.biz
6245,smallseotools.com
6246,animespirit.ru
6247,monash.edu
6248,actualita.com
6249,dartmouth.edu
6250,rakuten.com.tw
6251,bovada.lv
6252,geocaching.com
6253,derpibooru.org
6254,androidpolice.com
6255,zigwheels.com
6256,webs.com
6257,colatour.com.tw
6258,workforcehosting.com
6259,minergate.com
6260,linkzb.net
6261,mumsnet.com
6262,centersmobileapps.com
6263,bakufu.jp
6264,temp-mail.org
6265,tenforums.com
6266,hochi.co.jp
6267,grosir-gaun.com
6268,sta.sh
6269,salon.com
6270,nwolb.com
6271,homeaway.com
6272,hertz.com
6273,twister.porn
6274,adfoc.us
6275,tdameritrade.com
6276,cineplex.com
6277,sport-fm.gr
6278,ruanyifeng.com
6279,bt.gob.ve
6280,cumhuriyet.com.tr
6281,nationalrail.co.uk
6282,ebalovo.com
6283,go2cloud.org
6284,heureka.sk
6285,lesnumeriques.com
6286,oload.site
6287,meteoblue.com
6288,material.io
6289,oasgames.com
6290,resultados.com
6291,ashleyrnadison.com
6292,audiojungle.net
6293,clicktripz.com
6294,eprice.com.tw
6295,pinkbike.com
6296,youtaker.com
6297,dobreprogramy.pl
6298,insight.co.kr
6299,smarturl.it
6300,excite.com
6301,googleblog.com
6302,pccomponentes.com
6303,doostihaa.com
6304,notizie.it
6305,freshersworld.com
6306,gushiwen.org
6307,ingbank.pl
6308,usajobs.gov
6309,ondemandkorea.com
6310,uncomo.com
6311,auone.jp
6312,wpengine.com
6313,caribbeancompr.com
6314,fshare.vn
6315,zakzak.co.jp
6316,fastweb.it
6317,uniregistry.com
6318,vpn-freeproxy.com
6319,kazagames.com
6320,canlitv.plus
6321,labaq.com
6322,myzaker.com
6323,fileis.com
6324,augusta.com
6325,unacademy.com
6326,almstba.tv
6327,vkmag.com
6328,guioteca.com
6329,thetoptens.com
6330,ubs.com
6331,techsmith.com
6332,fzdm.com
6333,boobpedia.com
6334,karar.com
6335,gamerevolution.com
6336,windguru.cz
6337,3d66.com
6338,intellitest.me
6339,quickconnect.to
6340,weather.gc.ca
6341,trakt.tv
6342,clicktabs.net
6343,rushporn.com
6344,77kp.com
6345,swiki.jp
6346,voat.co
6347,skladchik.com
6348,filmon.com
6349,viptube.com
6350,coinexchange.io
6351,vatanbilgisayar.com
6352,11street.my
6353,klm.com
6354,2345.com
6355,jinersi.tk
6356,ntv.co.jp
6357,famulei.com
6358,jsmptjmp.com
6359,sprzedajemy.pl
6360,banki.ru
6361,decathlon.fr
6362,time.mk
6363,auth0.com
6364,optus.com.au
6365,ntdin.tv
6366,tune.pk
6367,miradetodo.io
6368,elitedaily.com
6369,fotolia.com
6370,bershka.com
6371,ableton.com
6372,animedigitalnetwork.fr
6373,depositfiles.com
6374,deutschepost.de
6375,slaylebrity.com
6376,easyziptab.com
6377,skelbiu.lt
6378,ecnavi.jp
6379,dishtv.in
6380,vgtime.com
6381,gvm.com.tw
6382,setlist.fm
6383,garena.tw
6384,vanderbilt.edu
6385,famitsu.com
6386,zo.ee
6387,warframe.market
6388,videocond2h.com
6389,mythicspoiler.com
6390,ard.de
6391,airbnb.it
6392,animeskai.com
6393,pushedwebnews.com
6394,milli.az
6395,home77.com
6396,rocketnews24.com
6397,mgstage.com
6398,shoptime.com.br
6399,wuchajian.net
6400,mylife.com
6401,itbb.men
6402,medialeaks.ru
6403,ssaa.ir
6404,lenovo.com.cn
6405,film.ru
6406,amaporn.com
6407,cardekho.com
6408,tes.com
6409,elektroda.pl
6410,psarips.com
6411,trivago.com
6412,capitalone360.com
6413,speedrun.com
6414,osxdaily.com
6415,germany.ru
6416,ruleporn.com
6417,komplett.no
6418,bochk.com
6419,rarbggo.org
6420,ifttt.com
6421,anybunny.com
6422,becu.org
6423,crazyshit.com
6424,elnacional.cat
6425,text.ru
6426,wdc.com
6427,rfa.org
6428,usf.edu
6429,univision.com
6430,rutor.is
6431,poseidonhd.com
6432,dardarkom.com
6433,ubnt.com
6434,quotidiano.net
6435,ml.com
6436,daserste.de
6437,surveyrouter.com
6438,uefa.com
6439,volvocars.com
6440,kooora2day.com
6441,torrentz.eu
6442,hit.edu.cn
6443,tinkercad.com
6444,mirrorace.com
6445,mysku.ru
6446,partis.si
6447,foxsports.com.au
6448,lww.com
6449,tv-tokyo.co.jp
6450,copart.com
6451,telegraaf.nl
6452,lingualeo.com
6453,laravel.com
6454,upsc.gov.in
6455,bestgore.com
6456,tin-nsdl.com
6457,happy-porn.com
6458,saisoncard.co.jp
6459,nd.edu
6460,vvvdj.com
6461,betensured.com
6462,alukah.net
6463,bankmandiri.co.id
6464,favorit.com.ua
6465,onstove.com
6466,symantec.com
6467,mensfitness.com
6468,todocoleccion.net
6469,bet.pt
6470,bonprix.ru
6471,paypal-gifts.com
6472,techlandia.com
6473,proprofs.com
6474,tfl.gov.uk
6475,topg.org
6476,olx.ba
6477,gmgard.com
6478,bmail.uol.com.br
6479,1544.ir
6480,cracked-games.org
6481,reporterlive.com
6482,canadavisa.com
6483,saat24.news
6484,hardware.fr
6485,iprima.cz
6486,youzan.com
6487,kakakumag.com
6488,sinoptik.com.ru
6489,creditonebank.com
6490,wankoz.com
6491,hellcase.com
6492,univie.ac.at
6493,livescore.in
6494,asstr.org
6495,lucidchart.com
6496,coldfilm.info
6497,tableau.com
6498,clicknshare.net
6499,cell.com
6500,men.com
6501,tatar.ru
6502,bizjournals.com
6503,corsair.com
6504,regmarkets.ru
6505,google.cg
6506,eba.gov.tr
6507,tvline.com
6508,uct.ac.za
6509,pxhere.com
6510,metacrawler.com
6511,ikco.ir
6512,wootalk.today
6513,ebmoorfskily.com
6514,hkepc.com
6515,66ys.tv
6516,qconcursos.com
6517,tipico.de
6518,amiami.com
6519,infinitecampus.org
6520,saavn.com
6521,lidl-flyer.com
6522,hosyusokuhou.jp
6523,netzwelt.de
6524,levi.com
6525,mnggo.net
6526,cointraffic.io
6527,rarbg2018.org
6528,fanatical.com
6529,deccanchronicle.com
6530,getcourse.ru
6531,ucoz.net
6532,banamex.com
6533,larazon.es
6534,transaccionesbancolombia.com
6535,filmlinks4u.is
6536,51offer.com
6537,7ya.ru
6538,101.ru
6539,finecobank.com
6540,milb.com
6541,pinterest.co.kr
6542,cztorrent.net
6543,managebac.com
6544,tuttosport.com
6545,woshipm.com
6546,spigotmc.org
6547,filenugget.com
6548,cineulagam.com
6549,lancers.jp
6550,litnet.com
6551,alitrip.com
6552,huffingtonpost.jp
6553,nj.com
6554,boston.com
6555,webtretho.com
6556,truecar.com
6557,jvzoo.com
6558,syfy.com
6559,girrrly.com
6560,backpackers.com.tw
6561,theshaderoom.com
6562,handycafe.com
6563,yesstyle.com
6564,giveawayoftheday.com
6565,zapier.com
6566,frivplus.com
6567,sportradar.com
6568,dailydot.com
6569,desafiomundial.com
6570,vidup.tv
6571,buscape.com.br
6572,telenet.be
6573,nullrefer.com
6574,nsn.fm
6575,sii.cl
6576,oabt004.com
6577,soul-anime.us
6578,torlock.com
6579,grouple.co
6580,neu.edu
6581,maxifoot.fr
6582,seancody.com
6583,ristekdikti.go.id
6584,istoe.com.br
6585,tracku01.com
6586,google.la
6587,iafd.com
6588,costco.ca
6589,crowdworks.jp
6590,uptorrentfilespacedownhostabc.net
6591,360kan.com
6592,significados.com
6593,gnula.se
6594,aktualne.cz
6595,signupgenius.com
6596,takhfifan.com
6597,sondakika.com
6598,yammer.com
6599,deepl.com
6600,gamesprite.me
6601,babbel.com
6602,pagina12.com.ar
6603,gigafile.nu
6604,q8yat.com
6605,ecured.cu
6606,avia.pro
6607,ojogo.pt
6608,popupplus.ir
6609,chrono.gg
6610,fujitv.co.jp
6611,pornolomka.net
6612,cheers.com.tw
6613,siemens.com
6614,10fastfingers.com
6615,anyanime.com
6616,theblaze.com
6617,voluumtrk.com
6618,simpkb.id
6619,nikkan-gendai.com
6620,duitang.com
6621,suratkabar.id
6622,medi1tv.ma
6623,audioz.download
6624,nightbot.tv
6625,dnaindia.com
6626,viagogo.com
6627,afip.gob.ar
6628,mu315.com
6629,fossbytes.com
6630,canliskor3.com
6631,collegeconfidential.com
6632,anten.ir
6633,rulit.me
6634,iranfilm.cc
6635,wacom.com
6636,uj.ac.za
6637,epson.com
6638,soccersuck.com
6639,tubedupe.com
6640,mamahd.tv
6641,gsul.me
6642,winxdvd.com
6643,tor-cr.com
6644,g5multimedia.com
6645,stylecraze.com
6646,whosampled.com
6647,payumoney.com
6648,epa.gov
6649,arbeitsagentur.de
6650,gearslutz.com
6651,svtplay.se
6652,goodhousekeeping.com
6653,jiotv.com
6654,khaberni.com
6655,iod2.cn
6656,retty.me
6657,crossout.net
6658,qfinancial.info
6659,acg18.us
6660,decider.com
6661,macrojuegos.com
6662,boulanger.com
6663,livehindustan.com
6664,safaribooksonline.com
6665,sigmaaldrich.com
6666,gdz.ru
6667,dunya.com.pk
6668,emailaccountlogin.co
6669,geo.tv
6670,zoom.com.br
6671,airbnb.ru
6672,mvideoporno.xxx
6673,lambingan.su
6674,rocket-league.com
6675,turktelekom.com.tr
6676,neowin.net
6677,mongodb.com
6678,doub.io
6679,minghui.org
6680,uic.edu
6681,bunshun.jp
6682,tinypic.com
6683,pi-news.net
6684,cuhk.edu.hk
6685,veseriesonline.com
6686,swiggy.com
6687,pokemon.com
6688,creditviewdashboard.com
6689,ulozto.cz
6690,support.wordpress.com
6691,dongtw.com
6692,haqqin.az
6693,meneame.net
6694,firefoxchina.cn
6695,petapixel.com
6696,filmesonlinegratis.com
6697,ywmax.com
6698,48videodouga.net
6699,hc360.com
6700,telecinco.es
6701,haodf.com
6702,sports8.cc
6703,livecareer.com
6704,sobaidupan.com
6705,dbltap.com
6706,sofort.com
6707,gamatotv.me
6708,unionbankofindia.co.in
6709,eagleget.com
6710,hdkinoman.net
6711,dist-app.com
6712,myrutor.org
6713,bt.dk
6714,ratopati.com
6715,glamsham.com
6716,ed-protect.org
6717,straitstimes.com
6718,army.mil
6719,hentaku.net
6720,2banh.vn
6721,akubebas.com
6722,mytedata.net
6723,mybrowseraddon.com
6724,animesonlinebr.com.br
6725,searchdconvertnow.com
6726,dumedia.ru
6727,linkcaptcha.net
6728,faucethub.io
6729,uptowork.com
6730,ink361.com
6731,autotrader.ca
6732,allwomens.ru
6733,eodev.com
6734,theage.com.au
6735,pornoamateurvip.com
6736,zkillboard.com
6737,elecfans.com
6738,ignou.ac.in
6739,flashscores.co.uk
6740,grtyv.com
6741,mysurvey.com
6742,iconfont.cn
6743,gametracker.com
6744,torrentking.eu
6745,nanime.in
6746,clothing-marketing.com
6747,toolur.com
6748,rtl.de
6749,mega-mult.ru
6750,manta.com
6751,dramakoreaindo.com
6752,vedomosti.ru
6753,elephanttube.com
6754,denfaminicogamer.jp
6755,sexlog.com
6756,turbosquid.com
6757,milenio.com
6758,thisisinsider.com
6759,nrttv.com
6760,ygosu.com
6761,mobipo.org
6762,sbb.ch
6763,jisutiyu.com
6764,esea.net
6765,approp.pro
6766,realclearpolitics.com
6767,revzilla.com
6768,ncr.ir
6769,bhc.gov.in
6770,vrporn.com
6771,iflix.com
6772,adslzone.net
6773,goldchannelmovie.net
6774,masutabe.info
6775,123moviesfreez.org
6776,indavideo.hu
6777,rackspace.com
6778,elephant-ads.com
6779,light-dark.net
6780,yupoo.com
6781,prepscholar.com
6782,camarads.com
6783,zamanalwsl.net
6784,younow.com
6785,inmotionhosting.com
6786,wbsedcl.in
6787,blacked.com
6788,pctonics.com
6789,sunsu521.com
6790,thenounproject.com
6791,btcclicks.com
6792,cloob.com
6793,wentshops.xyz
6794,mm-cg.com
6795,seuseriado.com
6796,notepad-plus-plus.org
6797,anon-ib.to
6798,bsnl.co.in
6799,crutchfield.com
6800,pekao24.pl
6801,guns.ru
6802,colostate.edu
6803,persianv.com
6804,kaidee.com
6805,predictz.com
6806,nuomi.com
6807,photokade.com
6808,hotpads.com
6809,ur.ly
6810,pbebank.com
6811,hotclips24.com
6812,buffalo.jp
6813,bibme.org
6814,leiphone.com
6815,estrenospy.org
6816,revolve.com
6817,whentowork.com
6818,nrl.com
6819,lacentrale.fr
6820,quickheal.com
6821,144bets10.com
6822,radiofarda.com
6823,tomtom.com
6824,skylinewebcams.com
6825,waveapps.com
6826,rarbgaccess.org
6827,smadav.net
6828,hgtv.com
6829,ef43.com.cn
6830,sashoff.com
6831,china.com
6832,bandsintown.com
6833,kkbox.com
6834,perezhilton.com
6835,toggl.com
6836,freetranslation.com
6837,iberia.com
6838,bartleby.com
6839,xdowns.com
6840,simplyhired.com
6841,calciomercato.com
6842,zhaoshangbao.com
6843,sci-hub.hk
6844,seagate.com
6845,51yes.com
6846,sudouest.fr
6847,citizensbankonline.com
6848,santanderrio.com.ar
6849,click108.com.tw
6850,sketchfab.com
6851,titlovi.com
6852,ovagames.com
6853,yy08047.com
6854,1be.biz
6855,identi.li
6856,dayoo.com
6857,leroymerlin.es
6858,zhongzidi.com
6859,fetishshrine.com
6860,ecouchtuner.city
6861,iamchucky.github.io
6862,google.com.jm
6863,ryerson.ca
6864,finviz.com
6865,oursogo.com
6866,vikatan.com
6867,ualberta.ca
6868,anonymz.com
6869,tsdm.tv
6870,gnu.org
6871,flashscore.ro
6872,912688.com
6873,stan.com.au
6874,megogo.ru
6875,lovoo.com
6876,geniusdisplay.com
6877,aizhan.com
6878,ucalgary.ca
6879,vit.ac.in
6880,kaspi.kz
6881,koha.net
6882,parsonline.com
6883,stranamam.ru
6884,wangdaidongfang.com
6885,bundesliga.com
6886,kuleuven.be
6887,pasted.co
6888,filmapik.io
6889,myhermes.de
6890,expansion.com
6891,dizipub.com
6892,anon-ib.su
6893,koreaboo.com
6894,forexfactory.com
6895,streams.tv
6896,experian.com
6897,rtl.fr
6898,rakuten-bank.co.jp
6899,epictorrents.com
6900,self.com
6901,10jqka.com.cn
6902,gomaji.com
6903,videoblocks.com
6904,engageya.com
6905,o2online.de
6906,kia.com
6907,google.co.cr
6908,camelcamelcamel.com
6909,mta.info
6910,analog.com
6911,donedeal.ie
6912,televisionfanatic.com
6913,google.mn
6914,hbonordic.com
6915,sxx.com
6916,holidaycheck.de
6917,tiki.vn
6918,bolalob.com
6919,youneedabudget.com
6920,instacart.com
6921,khaleejtimes.com
6922,native-instruments.com
6923,top4top.net
6924,stirileprotv.ro
6925,xxxstreams.org
6926,lyst.com
6927,caltech.edu
6928,manchester.ac.uk
6929,forexplans.info
6930,onedio.ru
6931,utdallas.edu
6932,vgtv.no
6933,patefon.net
6934,blog.wordpress.com
6935,codeforces.com
6936,fortnitemaster.com
6937,hs.fi
6938,chilevision.cl
6939,diablo3.com
6940,dafiti.com.br
6941,povar.ru
6942,hqtrxzcjjjj.com
6943,asaldl.com
6944,filebase.ws
6945,harpersbazaar.com
6946,mobile.free.fr
6947,ctc.ru
6948,elitesingleonline.club
6949,cardmarket.com
6950,jaleco.com
6951,standardchartered.com
6952,elacm.com
6953,tubecorporate.com
6954,sanfoundry.com
6955,dni.ru
6956,woocommerce.com
6957,accorhotels.com
6958,jmty.jp
6959,parimatch.ru
6960,dashnet.org
6961,potterybarn.com
6962,d1ev.com
6963,panasonic.jp
6964,airbnb.de
6965,yaraon-blog.com
6966,mtgsalvation.com
6967,sydney.edu.au
6968,sportsmole.co.uk
6969,airarabia.com
6970,timesofmalta.com
6971,govnokri.in
6972,aliez.me
6973,euro.com.pl
6974,hewitt.com
6975,irannaz.com
6976,antaranews.com
6977,prisjakt.nu
6978,seekingarrangement.com
6979,polar.com
6980,coffetube.com
6981,hesab.az
6982,asos.de
6983,bao315.com
6984,duomai.com
6985,hasil.gov.my
6986,spirit.com
6987,difi.no
6988,watchjavonline.com
6989,ethermine.org
6990,clixsense.com
6991,hateblo.jp
6992,robinhood.com
6993,vuejs.org
6994,ni.com
6995,twenga.de
6996,liveuamap.com
6997,khamsat.com
6998,letitbefaster.website
6999,muycerdas.xxx
7000,garanti.com.tr
7001,azvideo.net
7002,dustumbs.pro
7003,ssiapawz.com
7004,hasznaltauto.hu
7005,shabakaty.com
7006,archives-ouvertes.fr
7007,pagesix.com
7008,naasongs.com
7009,melodrama1.com
7010,tele2.ru
7011,expatriates.com
7012,bilutv.com
7013,beenverified.com
7014,ldoceonline.com
7015,pornboil.com
7016,politexpert.net
7017,sima-land.ru
7018,pornobengala.com
7019,damasgate.com
7020,styletc.com
7021,cloudinary.com
7022,gitbooks.io
7023,booru.org
7024,rockauto.com
7025,odatv.com
7026,vslovetv.com
7027,snahp.it
7028,rtmark.net
7029,hotline.ua
7030,midwayusa.com
7031,toptvshows.co
7032,che168.com
7033,resurrect.club
7034,steamcharts.com
7035,excel-easy.com
7036,ahram.org.eg
7037,scholastic.com
7038,nachostime.tv
7039,vibbo.com
7040,hubpages.com
7041,99designs.com
7042,adultdvdempire.com
7043,vbczicxylometers.review
7044,bigbasket.com
7045,tubxporn.com
7046,cadenaser.com
7047,proxer.me
7048,gsxt.gov.cn
7049,the-ans.jp
7050,muyzorras.com
7051,pex.jp
7052,msj1.com
7053,cathaypacific.com
7054,delfi.ee
7055,televisa.com
7056,duoyi.com
7057,coolrom.com
7058,pdffiller.com
7059,openstreetmap.org
7060,calpoly.edu
7061,zhipin.com
7062,pingdom.com
7063,yad2.co.il
7064,findanime.me
7065,online.sh.cn
7066,mrskin.com
7067,symbaloo.com
7068,minecraft-mp.com
7069,webry.info
7070,boingboing.net
7071,mamibuy.com.tw
7072,newsbeast.gr
7073,google.mu
7074,mzansi.porn
7075,thegamer.tv
7076,acbar.org
7077,ballzaa.com
7078,stream2watch.mx
7079,pia.jp
7080,mytvsuper.com
7081,rueducommerce.fr
7082,keywordtool.io
7083,gadgethacks.com
7084,bagas31.com
7085,xinmedia.com
7086,babyou.com
7087,jiyoujia.com
7088,existenz.se
7089,meitulu.com
7090,kariyer.net
7091,inquisitr.com
7092,faselhd.com
7093,accenture.com
7094,vlxx.tv
7095,lesiteinfo.com
7096,pcauto.com.cn
7097,latercera.com
7098,rocketleague.com
7099,eliteprospects.com
7100,auspost.com.au
7101,coches.net
7102,powvideo.net
7103,hyatt.com
7104,llss.pw
7105,beanfun.com
7106,aventuradeflirteo.com
7107,zoomg.ir
7108,sc.com
7109,societe.com
7110,decolar.com
7111,alphaporno.com
7112,free3d.com
7113,softcatalog.info
7114,codecguide.com
7115,finanzen.net
7116,pchome.net
7117,tagesspiegel.de
7118,fmoviesfree.net
7119,bravoporn.com
7120,dallasnews.com
7121,abcya.com
7122,gametwist.com
7123,novaposhta.ua
7124,macworld.com
7125,ad.nl
7126,4porn.com
7127,carreerjournal.info
7128,theonecdn.com
7129,pimpandhost.com
7130,yelp.ca
7131,semana.com
7132,slidesharecdn.com
7133,bitmain.com
7134,opizo.com
7135,underarmour.com
7136,9damao.com
7137,getdoctopdf.com
7138,spyoff.com
7139,6play.fr
7140,zalando.pl
7141,niche.com
7142,warriorforum.com
7143,y-api.org
7144,lifeder.com
7145,wnacg.org
7146,pojoksatu.id
7147,ogranictraffic.com
7148,egehaber.com
7149,nist.gov
7150,jreast.co.jp
7151,cutl.in
7152,selfridges.com
7153,parsian-bank.ir
7154,ratewrite.tmall.com
7155,worldofwarships.com
7156,westlaw.com
7157,elotrolado.net
7158,jobinja.ir
7159,foozine.com
7160,playbuzz.com
7161,gosunoob.com
7162,8591.com.tw
7163,tusubtitulo.com
7164,torrentom.com
7165,abdwap2.com
7166,1dl.biz
7167,filmifullizle.org
7168,aptoide.com
7169,kitapyurdu.com
7170,f1news.ru
7171,mako.co.il
7172,9moe.com
7173,geekbuying.com
7174,programiz.com
7175,qimai.cn
7176,comicbus.com
7177,braintreegateway.com
7178,hardwarezone.com.sg
7179,livefootballol.me
7180,guru3d.com
7181,yahan.tv
7182,facepunch.com
7183,address.gov.sa
7184,eddirasa.com
7185,acs.org
7186,gomlab.com
7187,autosport.com
7188,mozofilmes.com
7189,eros.com
7190,reactjs.org
7191,addonbrowser.com
7192,uspto.gov
7193,hdwallpapers.in
7194,typekit.com
7195,uoregon.edu
7196,king.com
7197,talk4anyone.com
7198,n3oka.com
7199,journaldesfemmes.fr
7200,boots.com
7201,tfpdl.de
7202,gastronom.ru
7203,georgetown.edu
7204,chowhound.com
7205,pornogratisdiario.com
7206,300mbfilms.co
7207,wikium.ru
7208,epa.com.py
7209,sexcord.com
7210,bcy.net
7211,moovitapp.com
7212,sinemia.com
7213,9news.com.au
7214,wancai.com
7215,morele.net
7216,society6.com
7217,winner-page.com
7218,appost.in
7219,gossiplankanews.com
7220,pwieu.com
7221,rte.ie
7222,herphemiste.com
7223,tufos.com.br
7224,flyflv.com
7225,discordbots.org
7226,grabcad.com
7227,spzs.com
7228,taqat.sa
7229,soft32.com
7230,uc.edu
7231,fstoppers.com
7232,ukessays.com
7233,karapaia.com
7234,musavat.com
7235,88files.net
7236,dn.se
7237,yourlust.com
7238,steamdb.info
7239,minnstate.edu
7240,yota.ru
7241,myprotein.com
7242,getuploader.com
7243,ku.edu
7244,pussl47.com
7245,fassiongiz.com
7246,toranoana.jp
7247,up.ac.za
7248,radiorecord.ru
7249,adpenguin.biz
7250,cybozu.com
7251,carrefour.es
7252,seatgeek.com
7253,shonenjumpplus.com
7254,vividseats.com
7255,liveadoptimizer.com
7256,veopornogratis.xxx
7257,downloadming.ms
7258,starcitygames.com
7259,patrika.com
7260,bnc.com.ve
7261,friday.tw
7262,nodejs.org
7263,zemtv.com
7264,mathway.com
7265,fsu.edu
7266,joyclub.de
7267,authorne.info
7268,game-bonuses.club
7269,ettv.tv
7270,postype.com
7271,colonelcassad.livejournal.com
7272,3618med.com
7273,itog.info
7274,kinosvit.tv
7275,time.is
7276,gov.on.ca
7277,portail.free.fr
7278,handelsblatt.com
7279,2mdn.net
7280,namesakeoscilloscopemarquis.com
7281,emailaccessonline.com
7282,xxxkingtube.com
7283,oglaf.com
7284,toster.ru
7285,techpowerup.com
7286,notjustok.com
7287,say7.info
7288,pantsu.cat
7289,humoron.com
7290,drive2.com
7291,adturtle.biz
7292,viaplay.se
7293,jumia.co.ke
7294,tomodachinpo.com
7295,zalando.fr
7296,wizards.com
7297,tenor.com
7298,immonet.de
7299,yhd.com
7300,filerio.in
7301,santander.com.br
7302,anichart.net
7303,wikimapia.org
7304,watch-series.co
7305,bb3b3.ru
7306,colorcodedlyrics.com
7307,mackip.me
7308,hide.me
7309,cucudas.com
7310,purepeople.com
7311,zimeye.net
7312,autoplius.lt
7313,tving.com
7314,myshows.me
7315,yasemin.com
7316,manhuatai.com
7317,archlinux.org
7318,grameenphone.com
7319,lalafo.az
7320,grabon.in
7321,jpg2pdf.com
7322,primagames.com
7323,silvergames.com
7324,15min.lt
7325,vatera.hu
7326,optifine.net
7327,google.is
7328,miss-tramell.livejournal.com
7329,uhaul.com
7330,box.net
7331,subsmovies.me
7332,qdaily.com
7333,stream7.xyz
7334,uservoice.com
7335,watchwrestling.in
7336,elle.ru
7337,tro-ma-ktiko.blogspot.gr
7338,hartgeld.com
7339,apcfss.in
7340,flytri.ru
7341,videosxxxputas.xxx
7342,tradera.com
7343,imbc.com
7344,jenie.co
7345,sina.com
7346,mlive.com
7347,bitmex.com
7348,yesasia.ru
7349,yasdl.com
7350,rawlh.com
7351,maintracker.org
7352,guenstigkleidung.de
7353,sld.cu
7354,hackerearth.com
7355,bankifsccode.com
7356,futurelearn.com
7357,auth-gateway.net
7358,mfcclub.com
7359,kaixin001.com
7360,konachan.com
7361,gledalica.com
7362,webxpedias.com
7363,vidlox.tv
7364,openloadmovies.tv
7365,oploverz.in
7366,key.com
7367,expedia.ca
7368,akb48matomemory.com
7369,mykajabi.com
7370,dng65.com
7371,freesoft-100.com
7372,sysu.edu.cn
7373,discretesearch.com
7374,9tv.co.il
7375,prensa.com
7376,hyfytv.in
7377,sainsburys.co.uk
7378,juejin.im
7379,greatist.com
7380,zorixen.com
7381,lastminute.com
7382,tourister.ru
7383,bancosantander.es
7384,pornolenta.cc
7385,daviscup.com
7386,physicsforums.com
7387,surveygizmo.com
7388,kaymopk.com
7389,singaporeair.com
7390,gsm.ir
7391,habertek.com
7392,twoplayergames.org
7393,lululemon.com
7394,akhbarelyom.com
7395,gfpornvideos.com
7396,descargas2020.com
7397,jerk.porn
7398,sparkfun.com
7399,gala.fr
7400,fuegodevida.com
7401,filmionlineizle.net
7402,meitu.com
7403,meinestadt.de
7404,sogi.com.tw
7405,nseindia.com
7406,watchepisodeseries.com
7407,hku.hk
7408,startribune.com
7409,bonusbitcoin.co
7410,saglamindir.net
7411,sexpun.com
7412,disquscdn.com
7413,ladepeche.fr
7414,moneysupermarket.com
7415,smithsonianmag.com
7416,nga.cn
7417,wnd.com
7418,r-project.org
7419,hanfan.cc
7420,gamebase.com.tw
7421,mcmaster.ca
7422,searchbind.net
7423,mt.co.kr
7424,hardsextube.com
7425,sec.gov
7426,dobbyporn.com
7427,bizpacreview.com
7428,boldsky.com
7429,port.hu
7430,willow.tv
7431,wear.jp
7432,turkanime.tv
7433,socimage.net
7434,tek.no
7435,7-zip.org
7436,javfree.me
7437,hsreplay.net
7438,cagesideseats.com
7439,pearsonvue.com
7440,huijiwiki.com
7441,fmworld.net
7442,xmusic.name
7443,promodj.com
7444,multiurok.ru
7445,postmates.com
7446,pracuj.pl
7447,me.me
7448,e-chords.com
7449,arageek.com
7450,cebupacificair.com
7451,demdex.net
7452,angular.io
7453,listal.com
7454,spring.io
7455,cam4.es
7456,freecamsexposed.com
7457,cricket.com.au
7458,atas.io
7459,pornbraze.com
7460,grepolis.com
7461,pornlib.com
7462,51credit.com
7463,tinkoff.ru
7464,arukereso.hu
7465,fanpop.com
7466,fow.kr
7467,220-volt.ru
7468,canadapost.ca
7469,winsng.club
7470,news-front.info
7471,themuse.com
7472,brasil247.com
7473,uncrate.com
7474,getxid.com
7475,xsrv.jp
7476,liqu.com
7477,conforama.fr
7478,streamsign.me
7479,basicincomecanada.org
7480,indianrailways.gov.in
7481,walkerplus.com
7482,unext.jp
7483,creativecommons.org
7484,freevideo.cz
7485,kinogo.eu
7486,thenextweb.com
7487,libguides.com
7488,proadsredmsmt.com
7489,babla.ru
7490,jakdojade.pl
7491,largeporntube.com
7492,uptostream.com
7493,nadorcity.com
7494,kaoyan.com
7495,nrega.nic.in
7496,s3.com.tw
7497,enterprise.com
7498,hoofoot.com
7499,doramakun.ru
7500,kinogid.me
